"Module","Test Case ID","Source Tag","Core Area","Core Scenario Covered","Precondition","Key Flow Covered","Validation / Expected Result","Priority","Automation Status","Feature File"
"Audience Module","TC-AUD-REG-02","REG-AUD-02","Criteria / Metric","Publish Audience and verify it appears in the correct tab with Active status","User logged in","Given I log in for module ""Audience"" -> Then I close the announcement popup if it appears -> When I navigate to ""Audience"" -> Then I should see the ""Audience"" page -> Then Click the Create new Audience button -> Then Click the Create from scratch option -> Then I should see the Create Audience page -> Then Fill in the Audience details and save -> Then It should enter into the edit page of the created Audience -> Then Click the customer property option on Criteria -> Then on the customer property pop up select User Id property and apply -> Then Click the Condition and select is one of option -> Then In the value field enter a valid User Id and apply -> Then Click the Publish button and Confirm the Publish Static Audience -> Then Static tab should load successfully -> Then Filter the Audience by ""Active"" status -> Then Filter the Audience with the saved Audience title -> Then Verify the Audience is displayed in the list","I should see the Create Audience page | check the Customer count | Check updates records are matching","High","Automated","audience.feature"
"Audience Module","TC-AUD-REG-03","REG-AUD-03","Criteria / Engagement","Create Audience with Customer Metric criteria","User logged in","Given I log in for module ""Audience"" -> Then I close the announcement popup if it appears -> When I navigate to ""Audience"" -> Then I should see the ""Audience"" page -> Then Click the Create new Audience button -> Then Click the Create from scratch option -> Then I should see the Create Audience page -> Then Fill in the Audience details and save -> Then It should enter into the edit page of the created Audience -> Then Click the Customer Metric option on Criteria -> Then on the Customer Metric pop up select Total Deposited Amount property and apply -> Then Click the Condition and select greater than or equal option -> Then In the value field enter a random number between 200 and 1500 and apply -> Then Set the occurrence date range to Today and apply -> Then check the Customer count -> Then Click the Preview button -> Then Check updates records are matching -> Then Save as draft the Audience and go back to Audience list page -> Then Filter the Audience by ""Draft"" status -> Then Filter the Audience with the saved Audience title -> Then Validate the Audience tooltip title matches the saved Audience title","check the Customer count | Check updates records are matching | Check updates records are matching","High","Automated","audience.feature"
"Audience Module","TC-AUD-REG-04","REG-AUD-04","Criteria / Existing Audience","Create Audience with Customer Engagement and Workflow attributes","User logged in; Existing audience available","Given I log in for module ""Audience"" -> Then I close the announcement popup if it appears -> When I navigate to ""Audience"" -> Then I should see the ""Audience"" page -> Then Click the Create new Audience button -> Then Click the Create from scratch option -> Then I should see the Create Audience page -> Then Fill in the Audience details and save -> Then It should enter into the edit page of the created Audience -> Then Click the Customer Engagement option on Criteria -> Then on the Customer Engagement pop up select Workflow Engagement and apply -> Then Select a  Workflow Name option and apply -> Then Select a valid Workflow Name from the dependent dropdown -> Then check the Customer count -> Then Click the Preview button -> Then Check updates records are matching -> Then Select a  Workflow Action option and apply -> Then Select a valid Workflow Action from the dependent dropdown -> Then Click the Preview button -> Then Check updates records are matching -> Then Save as draft the Audience and go back to Audience list page -> Then Filter the Audience by ""Draft"" status -> Then Filter the Audience with the saved Audience title -> Then Validate the Audience tooltip title matches the saved Audience title","I should see the Audience page | I should see the Create Audience page | Check updates records are matching","High","Automated","audience.feature"
"Audience Module","TC-AUD-REG-05","REG-AUD-05","Criteria / Logic","Create Audience with Part of Audience criteria","User logged in","Given I log in for module ""Audience"" -> Then I close the announcement popup if it appears -> And an Audience from REG-AUD-01 or REG-AUD-02 or REG-AUD-03 is available -> When I navigate to ""Audience"" -> Then I should see the ""Audience"" page -> Then Click the Create new Audience button -> Then Click the Create from scratch option -> Then I should see the Create Audience page -> Then Fill in the Audience details and save -> Then It should enter into the edit page of the created Audience -> Then Click the Part of Audience option on Criteria -> Then on the Part of Audience pop up select the existing audience and apply -> Then Click the Preview button -> Then Check updates records are matching -> Then Save as draft the Audience and go back to Audience list page -> Then Filter the Audience by ""Draft"" status -> Then Filter the Audience with the saved Audience title -> Then Validate the Audience tooltip title matches the saved Audience title","I should see the Create Audience page | check the Customer count | Check updates records are matching","High","Automated","audience.feature"
"Audience Module","TC-AUD-REG-06","REG-AUD-06","Criteria / Logic","AND condition validation within a single criteria group","User logged in","Given I log in for module ""Audience"" -> Then I close the announcement popup if it appears -> When I navigate to ""Audience"" -> Then I should see the ""Audience"" page -> Then Click the Create new Audience button -> Then Click the Create from scratch option -> Then I should see the Create Audience page -> Then Fill in the Audience details and save -> Then It should enter into the edit page of the created Audience -> Then Click the Event performed option on Criteria -> Then on the Event performed pop up select login event and apply -> Then Set the occurrence at least -> Then Click the AND condition and add Customer Metric criteria in the same group -> Then on the Customer Metric pop up select Total Deposited Amount property and apply -> Then Click the Condition and select greater than or equal option -> Then In the value field enter 100 and apply -> Then Set the occurrence date range to Today and apply -> Then check the Customer count -> Then Click the Preview button -> Then Check updates records are matching -> Then Save as draft the Audience and go back to Audience list page","I should see the Create Audience page | check the Customer count | Check updates records are matching","High","Automated","audience.feature"
"Audience Module","TC-AUD-REG-07","REG-AUD-07","Draft / Persistence","OR group validation across multiple criteria groups","User logged in","Given I log in for module ""Audience"" -> Then I close the announcement popup if it appears -> When I navigate to ""Audience"" -> Then I should see the ""Audience"" page -> Then Click the Create new Audience button -> Then Click the Create from scratch option -> Then I should see the Create Audience page -> Then Fill in the Audience details and save -> Then It should enter into the edit page of the created Audience -> Then Click the Event performed option on Criteria -> Then on the Event performed pop up select login event and apply -> Then Click the Add Group button to add a second criteria group with OR logic -> Then Click the customer property option on the second group Criteria -> Then on the customer property pop up select User Id property and apply -> Then Click the Condition and select is one of option -> Then In the value field enter a valid User Id and apply -> Then check the Customer count -> Then Click the Preview button -> Then Check updates records are matching -> Then Save as draft the Audience and go back to Audience list page","check the Customer count | Verify the Audience is displayed in the list | Verify the added user Id are still in the Audience","High","Automated","audience.feature"
"Audience Module","TC-AUD-REG-08","REG-AUD-08","Criteria / Event","Save as Draft and reopen Audience persists criteria data","User logged in","Given I log in for module ""Audience"" -> Then I close the announcement popup if it appears -> When I navigate to ""Audience"" -> Then I should see the ""Audience"" page -> Then Click the Create new Audience button -> Then Click the Create from scratch option -> Then I should see the Create Audience page -> Then Fill in the Audience details and save -> Then It should enter into the edit page of the created Audience -> Then Click the customer property option on Criteria -> Then on the customer property pop up select User Id property and apply -> Then Click the Condition and select is one of option -> Then In the value field enter a valid User Id and apply -> Then Check the Preview button 2 records is shown -> Then check the Customer count -> Then Click the ""+ Add values"" enter a valid User Id and apply -> Then Check the Preview button 2 records is shown -> Then check the Customer count -> Then Save as draft the Audience and go back to Audience list page -> Then Filter the Audience by ""Draft"" status -> Then Filter the Audience with the saved Audience title -> Then Verify the Audience is displayed in the list -> Then enter into that Audience -> Then Verify the added user Id are still in the Audience","I should see the Audience page | I should see the Create Audience page | Check updates records are matching","High","Automated","audience.feature"
"Audience Module","TC-AUD-REG-09","REG-AUD-09","Publish / Activation","Create Audience with Event and Occurrence criteria","User logged in; Published audience exists","Given I log in for module ""Audience"" -> Then I close the announcement popup if it appears -> When I navigate to ""Audience"" -> Then I should see the ""Audience"" page -> Then Click the Create new Audience button -> Then Click the Create from scratch option -> Then I should see the Create Audience page -> Then Fill in the Audience details and save -> Then It should enter into the edit page of the created Audience -> Then Click the Event performed option on Criteria -> Then on the Event performed pop up select login event and apply -> Then Set the occurrence at least -> Then Change the occurrence count to a random number between 1 and 5 -> Then Set the occurrence date range to Today and apply -> Then Click the Preview button -> Then Check updates records are matching -> Then Save as draft the Audience and go back to Audience list page -> Then Filter the Audience by ""Draft"" status -> Then Filter the Audience with the saved Audience title -> Then Validate the Audience tooltip title matches the saved Audience title","Check the Preview button 2 records is shown | Check updates records are matching | Verify the updated criteria are reflected correctly","High","Automated","audience.feature"
"Audience Module","TC-AUD-REG-10","REG-AUD-10","Criteria / Existing Audience","Edit a Published Audience and verify edit behaviour","User logged in; Existing audience available","Given I log in for module ""Audience"" -> Then I close the announcement popup if it appears -> And a Published Audience exists -> When I navigate to ""Audience"" -> Then I should see the ""Audience"" page -> Then Static tab should load successfully -> Then Filter the Audience with the saved Audience title -> Then enter into that Audience -> Then Check the Preview button 2 records is shown -> Then check the Customer count -> Then Modify the criteria by updating the User Id value -> Then Check the Preview button 2 records is shown -> Then Check updates records are matching -> Then Save the updated Audience -> Then Verify the updated criteria are reflected correctly","Check the Preview button 2 records is shown | Static tab should load successfully | Verify the Audience is displayed in the list","High","Automated","audience.feature"
"Audience Module","TC-AUD-REG-11","REG-AUD-11","Preview","Duplicate an existing Audience and verify all fields are copied","User logged in","Given I log in for module ""Audience"" -> Then I close the announcement popup if it appears -> And an Audience exists in the list -> When I navigate to ""Audience"" -> Then I should see the ""Audience"" page -> Then Filter the Audience with the existing Audience title -> Then Click the 3-dot action menu for the Audience -> Then Click the Duplicate option -> Then Verify the duplicate popup shows the title starting with Copy of -> Then Clear the duplicate title and enter a new unique title -> Then Click the Duplicate button on the popup -> Then The duplicated Audience should open in edit mode -> Then Verify all criteria and fields are copied from the original Audience -> Then Check the Preview button 2 records is shown -> Then Click the Publish button and Confirm the Publish Static Audience -> Then Static tab should load successfully -> Then Filter the Audience by ""Active"" status -> Then Filter the Audience with the saved Audience title -> Then Verify the Audience is displayed in the list","Check the Preview button 1 record is shown | Check the Preview button 2 records is shown | Check the Preview button 2 records is shown","High","Automated","audience.feature"
"Audience Module","TC-AUD-REG-12","REG-AUD-12","Negative / Validation","Preview count updates in real time when criteria are added or removed","User logged in","Given I log in for module ""Audience"" -> Then I close the announcement popup if it appears -> When I navigate to ""Audience"" -> Then I should see the ""Audience"" page -> Then Click the Create new Audience button -> Then Click the Create from scratch option -> Then I should see the Create Audience page -> Then Fill in the Audience details and save -> Then It should enter into the edit page of the created Audience -> Then Click the customer property option on Criteria -> Then on the customer property pop up select User Id property and apply -> Then Click the Condition and select is one of option -> Then In the value field enter a valid User Id and apply -> Then Check the Preview button 1 record is shown -> Then Click the ""+ Add values"" enter a valid User Id and apply -> Then Check the Preview button 2 records is shown -> Then Remove one User Id value from the criteria -> Then Check the Preview button 2 records is shown","I should see the Audience page | I should see the Create Audience page","High","Automated","audience.feature"
"Audience Module","TC-AUD-REG-13","REG-AUD-13","Negative / Validation","Saving an Audience with incomplete criteria shows a validation error","User logged in","Given I log in for module ""Audience"" -> Then I close the announcement popup if it appears -> When I navigate to ""Audience"" -> Then I should see the ""Audience"" page -> Then Click the Create new Audience button -> Then Click the Create from scratch option -> Then I should see the Create Audience page -> Then Fill in the Audience details and save -> Then It should enter into the edit page of the created Audience -> Then Click the customer property option on Criteria -> Then on the customer property pop up select User Id property and apply -> Then Verify the Preview button is disabled -> Then Verify the incomplete criteria error message is displayed","I should see the Audience page | I should see the Create Audience page | A field validation message should be displayed","High","Automated","audience.feature"
"Audience Module","TC-AUD-REG-14","REG-AUD-14","UI / Navigation","Entering text in a numeric criteria field shows a validation message","User logged in","Given I log in for module ""Audience"" -> Then I close the announcement popup if it appears -> When I navigate to ""Audience"" -> Then I should see the ""Audience"" page -> Then Click the Create new Audience button -> Then Click the Create from scratch option -> Then I should see the Create Audience page -> Then Fill in the Audience details and save -> Then It should enter into the edit page of the created Audience -> Then Click the Customer Metric option on Criteria -> Then on the Customer Metric pop up select Total Deposited Amount property and apply -> Then Click the Condition and select greater than or equal option -> Then In the value field enter alphabetic text instead of a number and apply -> Then A field validation message should be displayed","Card view should load successfully | List view should load successfully | Verify no UI breakage or console errors across all tabs and views","Medium","Automated","audience.feature"
"Audience Module","TC-AUD-REG-15","REG-AUD-15","UI / Navigation","Navigation and UI consistency when switching tabs and views","User logged in; Existing audience available","Given I log in for module ""Audience"" -> Then I close the announcement popup if it appears -> When I navigate to ""Audience"" -> Then I should see the ""Audience"" page -> Then Live tab should load successfully -> Then On Schedule tab should load successfully -> Then Static tab should load successfully -> Then Click the card view icon -> Then Card view should load successfully -> Then Click the list view icon -> Then List view should load successfully -> Then Verify no UI breakage or console errors across all tabs and views","I should see the Audience page | All expected action options should be visible and clickable","Medium","Automated","audience.feature"
"Audience Module","TC-AUD-16","REG-AUD-16","","Action menu on Audience list shows all expected options","","Given I log in for module ""Audience"" -> Then I close the announcement popup if it appears -> And an Audience exists in the list -> When I navigate to ""Audience"" -> Then I should see the ""Audience"" page -> Then Filter the Audience with the existing Audience title -> Then Click the 3-dot action menu for the Audience -> Then All expected action options should be visible and clickable","","Medium","Automated","audience.feature"
"Audience Module","TC-AUD-17","REG-AUD-17","","Static Audience with is-not-empty User ID criteria","","Given I log in for module ""Audience"" -> Then I close the announcement popup if it appears -> When I navigate to ""Audience"" -> Then I should see the ""Audience"" page -> Then Click the Create new Audience button -> Then Click the Create from scratch option -> Then I should see the Create Audience page -> Then Fill in the Audience details and save -> Then It should enter into the edit page of the created Audience -> Then Click the customer property option on Criteria -> Then on the customer property pop up select User Id property and apply -> Then Click the is-not-empty condition -> Then Click the Preview button -> Then check the Customer count -> Then Click Preview View All to open customer list -> Then Wait for the customer list flyout to fully load -> Then Search and verify customers are visible in the preview list flyout -> Then Click Back to Editor from the customer list flyout -> Then Click the Publish button and Confirm the Publish Static Audience -> Then Static tab should load successfully -> Then Filter the Audience with the saved Audience title -> Then Verify the Audience is displayed in the list -> Then Validate the Audience tooltip title matches the saved Audience title","","Medium","Automated","audience.feature"
"Audience Module","TC-AUD-18","REG-AUD-18","","Bulk Audience Customer List Download and CSV Retention Audience creation","","Given I log in for module ""Audience"" -> Then I close the announcement popup if it appears -> When I navigate to ""Audience"" -> Then I should see the ""Audience"" page -> Then Filter the Audience with the saved Audience title from ""REG-AUD-16"" -> Then Click the three-dot menu on the first audience row -> Then Click Download Customer List from the menu -> Then Click the modal submit button and wait for the download to complete -> Then Click Create Retention Audience from the dropdown -> Then I should see the Create Audience page -> Then Fill in the Audience details and save -> Then Upload the sample CSV file to the audience -> Then Click the modal submit button -> Then Poll until the CSV audience status is ""Active""","","Medium","Automated","audience.feature"
"Audience Module","TC-AUD-19","REG-AUD-19","","Create Campaign from Audience three-dot menu","","Given I log in for module ""Audience"" -> Then I close the announcement popup if it appears -> When I navigate to ""Audience"" -> Then I should see the ""Audience"" page -> Then Filter the Audience with the saved Audience title from ""REG-AUD-17"" -> Then Save the total customer count for the filtered audience -> Then Click the three-dot menu on the first audience row -> Then Click Create New Campaign from the audience three-dot menu -> Then Enter the Campaign Name and Campaign Tag -> Then Click the Create campaign button -> Then Verify the Campaign should should Create and navigate to the Edit Campaign page -> Then click the Click Goal button -> Then click the Set Goal button -> Then Verify the Click Goal should be set successfully -> Then Click the Preview button in the Campaign Audience section -> Then Verify the preview customer count matches the saved audience count","","Medium","Automated","audience.feature"
"Audience Module","TC-AUD-20","REG-AUD-20","","View History Log from Audience three-dot menu","","Given I log in for module ""Audience"" -> Given an Audience exists in the list -> Then I close the announcement popup if it appears -> When I navigate to ""Audience"" -> Then I should see the ""Audience"" page -> Then Filter the Audience with the existing Audience title -> Then Click the three-dot menu on the first audience row -> Then Click View History Log from the audience three-dot menu -> Then Verify the history log panel is visible with entries","","Medium","Automated","audience.feature"
"Audience Module","TC-AUD-20","REG-AUD-20","","View Report icon opens Audience report page","","Given I log in for module ""Audience"" -> Then I close the announcement popup if it appears -> When I navigate to ""Audience"" -> Then I should see the ""Audience"" page -> Then Filter the Audience with the saved Audience title from ""REG-AUD-16"" -> Then Click the report icon on the first audience row -> Then Verify the audience report page loads successfully -> Then Search and verify the user ID in the report page list","","Medium","Automated","audience.feature"
"Campaign module","TC-CAMP-REG-02","REG-CAMP-02","Edit","Publish Campaign after completing all steps and verify it appears in Active tab","User logged in","Given I log in for module ""Campaign"" -> Then I close the announcement popup if it appears -> When I navigate to ""Campaign"" -> Then I should see the ""Campaign"" page -> Then Click the Create New Campaign button -> Then Enter the Campaign Name and Campaign Tag -> Then Click the Create campaign button -> Then Verify the Campaign should should Create and navigate to the Edit Campaign page -> Then click the Open Goal button -> Then click the Set Goal button -> Then Verify the Open Goal should be set successfully -> Then click the Existing Audience button -> Then select the audience from the list -> Then click the ok button on the pop up -> Then click the Set Audience button -> Then click the Trigger button -> Then select the next available time slot and apply -> Then click the Set Trigger button -> Then click the Choose Content button -> Then Search the communication name in the search bar -> Then Click the communication that comes first in the list -> Then click the Set Communication button -> Then click the Publish button -> Then click the Publish Confirm button -> Then Verify the campaign is published successfully -> Then Click the Active tab -> Then Verify Active tab should load successfully -> Then Enter the Campaign Name in the search bar -> Then Verify the campaign is visible in the Active tab with Active status","Verify All tab should load successfully | Verify the Campaign Name is updated successfully | Verify the campaign is visible in the list with the updated name","High","Automated","campaign.feature"
"Campaign module","TC-CAMP-REG-03","REG-CAMP-03","Campaign Goal","Edit Campaign name updates successfully","User logged in","Given I log in for module ""Campaign"" -> Then I close the announcement popup if it appears -> When I navigate to ""Campaign"" -> Then I should see the ""Campaign"" page -> Then Click the Create New Campaign button -> Then Enter the Campaign Name and Campaign Tag -> Then Click the Create campaign button -> Then Verify the Campaign should should Create and navigate to the Edit Campaign page -> Then click the Open Goal button -> Then click the Set Goal button -> Then Verify the Open Goal should be set successfully -> Then Click the Save as Draft button -> Then Click the All tab -> Then Verify All tab should load successfully -> Then Enter the Campaign Name in the search bar -> Then Click on the campaign from the list -> Then Click the three-dot menu on the campaign -> Then Click the Edit campaign settings button -> Then Click the Edit name button on the campaign -> Then Clear the existing Campaign Name -> Then Enter the new Campaign Name -> Then Click the Save name button -> Then Verify the Campaign Name is updated successfully -> Then Click the Save as Draft button -> Then Enter the new Campaign Name in the search bar -> Then Verify the campaign is visible in the list with the updated name","Verify the Campaign should should Create and navigate to the Edit Campaign page | Verify the Open Goal should be set successfully | Verify the goal summary section shows Open as the selected goal","High","Automated","campaign.feature"
"Campaign module","TC-CAMP-REG-03B","REG-CAMP-03B","General","Select Engagement goal Click and verify goal is saved correctly","User logged in","Given I log in for module ""Campaign"" -> Then I close the announcement popup if it appears -> When I navigate to ""Campaign"" -> Then I should see the ""Campaign"" page -> Then Click the Create New Campaign button -> Then Enter the Campaign Name and Campaign Tag -> Then Click the Create campaign button -> Then Verify the Campaign should should Create and navigate to the Edit Campaign page -> Then click the Click Goal button -> Then click the Set Goal button -> Then Verify the Click Goal should be set successfully -> Then Verify the goal summary section shows Click as the selected goal","","High","Automated","campaign.feature"
"Campaign module","TC-CAMP-REG-04","REG-CAMP-04","Criteria / Metric","Select Engagement goal Open and verify goal is saved correctly","User logged in","Given I log in for module ""Campaign"" -> Then I close the announcement popup if it appears -> When I navigate to ""Campaign"" -> Then I should see the ""Campaign"" page -> Then Click the Create New Campaign button -> Then Enter the Campaign Name and Campaign Tag -> Then Click the Create campaign button -> Then Verify the Campaign should should Create and navigate to the Edit Campaign page -> Then click the Open Goal button -> Then click the Set Goal button -> Then Verify the Open Goal should be set successfully -> Then Verify the goal summary section shows Open as the selected goal","Verify the Campaign should should Create and navigate to the Edit Campaign page | Verify the Financial Goal should be set successfully | Verify the goal summary section shows the selected Financial goal","High","Automated","campaign.feature"
"Campaign module","TC-CAMP-REG-05","REG-CAMP-05","Criteria / Existing Audience","Select Financial goal and verify goal is saved correctly","User logged in; Existing audience available","Given I log in for module ""Campaign"" -> Then I close the announcement popup if it appears -> When I navigate to ""Campaign"" -> Then I should see the ""Campaign"" page -> Then Click the Create New Campaign button -> Then Enter the Campaign Name and Campaign Tag -> Then Click the Create campaign button -> Then Verify the Campaign should should Create and navigate to the Edit Campaign page -> Then Click the Financial tab on the Goal section -> Then Click the Deposit Goal button -> Then click the Set Goal button -> Then Verify the Financial Goal should be set successfully -> Then Verify the goal summary section shows the selected Financial goal","Verify the Open Goal should be set successfully | Verify the selected audience name is shown in the audience summary section | Verify the estimated reach count is displayed","High","Automated","campaign.feature"
"Campaign module","TC-CAMP-REG-06","REG-CAMP-06","Audience Selection","Select an Existing Audience and verify it is applied to the campaign","User logged in; Existing audience available","Given I log in for module ""Campaign"" -> Then I close the announcement popup if it appears -> When I navigate to ""Campaign"" -> Then I should see the ""Campaign"" page -> Then Click the Create New Campaign button -> Then Enter the Campaign Name and Campaign Tag -> Then Click the Create campaign button -> Then Verify the Campaign should should Create and navigate to the Edit Campaign page -> Then click the Open Goal button -> Then click the Set Goal button -> Then Verify the Open Goal should be set successfully -> Then click the Existing Audience button -> Then select the audience from the list -> Then click the ok button on the pop up -> Then click the Set Audience button -> Then Verify the selected audience name is shown in the audience summary section -> Then Verify the estimated reach count is displayed","Verify the Campaign should should Create and navigate to the Edit Campaign page | Verify the Open Goal should be set successfully | Verify the Control Group percentage is saved and reflected in the audience summary","High","Automated","campaign.feature"
"Campaign module","TC-CAMP-REG-07","REG-CAMP-07","Campaign Trigger","Set Control Group percentage and verify it is saved correctly","User logged in; Existing audience available","Given I log in for module ""Campaign"" -> Then I close the announcement popup if it appears -> When I navigate to ""Campaign"" -> Then I should see the ""Campaign"" page -> Then Click the Create New Campaign button -> Then Enter the Campaign Name and Campaign Tag -> Then Click the Create campaign button -> Then Verify the Campaign should should Create and navigate to the Edit Campaign page -> Then Click the Financial tab on the Goal section -> Then Click the Deposit Goal button -> Then click the Set Goal button -> Then Verify the Financial Goal should be set successfully -> Then click the Existing Audience button -> Then select the audience from the list -> Then click the ok button on the pop up -> Then Locate the Control Group field in the Audience section -> Then Enter a valid Control Group percentage value -> Then click the Set Audience button -> Then Verify the Control Group percentage is saved and reflected in the audience summary","Verify the Campaign should should Create and navigate to the Edit Campaign page | Verify the Open Goal should be set successfully | Verify the Trigger section shows the selected date and time","High","Automated","campaign.feature"
"Campaign module","TC-CAMP-REG-08","REG-CAMP-08","Criteria / Event","Set a Time-Based trigger and verify it is saved correctly","User logged in; Existing audience available","Given I log in for module ""Campaign"" -> Then I close the announcement popup if it appears -> When I navigate to ""Campaign"" -> Then I should see the ""Campaign"" page -> Then Click the Create New Campaign button -> Then Enter the Campaign Name and Campaign Tag -> Then Click the Create campaign button -> Then Verify the Campaign should should Create and navigate to the Edit Campaign page -> Then click the Open Goal button -> Then click the Set Goal button -> Then Verify the Open Goal should be set successfully -> Then click the Existing Audience button -> Then select the audience from the list -> Then click the ok button on the pop up -> Then click the Set Audience button -> Then click the Trigger button -> Then select the next available time slot and apply -> Then click the Set Trigger button -> Then Verify the Trigger section shows the selected date and time","Verify the Campaign should should Create and navigate to the Edit Campaign page | Verify the Open Goal should be set successfully | Verify the Trigger section shows Login as the selected event trigger","High","Automated","campaign.feature"
"Campaign module","TC-CAMP-REG-10","REG-CAMP-10","Negative / Validation","Set an Event-Based trigger with Login event and verify it is saved","User logged in; Existing audience available","Given I log in for module ""Campaign"" -> Then I close the announcement popup if it appears -> When I navigate to ""Campaign"" -> Then I should see the ""Campaign"" page -> Then Click the Create New Campaign button -> Then Enter the Campaign Name and Campaign Tag -> Then Click the Create campaign button -> Then Verify the Campaign should should Create and navigate to the Edit Campaign page -> Then click the Open Goal button -> Then click the Set Goal button -> Then Verify the Open Goal should be set successfully -> Then click the Existing Audience button -> Then select the audience from the list -> Then click the ok button on the pop up -> Then click the Set Audience button -> Then Select the Event-Based trigger option -> Then Select the Login event from the event list -> Then click the Set Trigger button -> Then Verify the Trigger section shows Login as the selected event trigger -> Then I close the announcement popup if it appears","Verify the validation error message is displayed for trigger | Verify the validation error message is displayed for trigger | Verify the trigger is not saved and the user remains on the trigger configuration screen","High","Automated","campaign.feature"
"Campaign module","TC-CAMP-REG-11","REG-CAMP-11","General","Attempting to set trigger without configuring an event shows a validation error","User logged in","Given I log in for module ""Campaign"" -> Then I close the announcement popup if it appears -> When I navigate to ""Campaign"" -> Then I should see the ""Campaign"" page -> Then Click the Create New Campaign button -> Then Enter the Campaign Name and Campaign Tag -> Then Click the Create campaign button -> Then Verify the Campaign should should Create and navigate to the Edit Campaign page -> Then click the Open Goal button -> Then click the Set Goal button -> Then Verify the Open Goal should be set successfully -> Then click the Existing Audience button -> Then select the audience from the list -> Then click the ok button on the pop up -> Then click the Set Audience button -> Then Select the Event-Based trigger option -> Then Do not select any event and leave the event field empty -> Then Verify the validation error message is displayed for trigger -> Then Click the Add live system event button -> Then Verify the validation error message is displayed for trigger -> Then Verify the trigger is not saved and the user remains on the trigger configuration screen","","High","Automated","campaign.feature"
"Campaign module","TC-CAMP-REG-12","REG-CAMP-12","Campaign Content","Enable Re-enroll customers toggle and set days configuration","User logged in; Existing audience available","Given I log in for module ""Campaign"" -> Then I close the announcement popup if it appears -> When I navigate to ""Campaign"" -> Then I should see the ""Campaign"" page -> Then Click the Create New Campaign button -> Then Enter the Campaign Name and Campaign Tag -> Then Click the Create campaign button -> Then Verify the Campaign should should Create and navigate to the Edit Campaign page -> Then click the Open Goal button -> Then click the Set Goal button -> Then Verify the Open Goal should be set successfully -> Then click the Existing Audience button -> Then select the audience from the list -> Then click the ok button on the pop up -> Then click the Set Audience button -> Then Select the Event-Based trigger option -> Then Select the Login event from the event list -> Then Locate the Re-enroll customers toggle -> Then Enable the Re-enroll customers toggle -> Then Enter the number of days for re-enrollment -> Then click the Set Trigger button -> Then Verify the Re-enroll toggle setting is saved and shown in the trigger summary","Verify the Open Goal should be set successfully | Verify the search results are displayed | Verify the selected communication is applied and shown in the content summary","High","Automated","campaign.feature"
"Campaign module","TC-CAMP-REG-13","REG-CAMP-13","Campaign Content","Add Library Communication content to campaign and verify it is applied","User logged in; Existing audience available","Given I log in for module ""Campaign"" -> Then I close the announcement popup if it appears -> When I navigate to ""Campaign"" -> Then I should see the ""Campaign"" page -> Then Click the Create New Campaign button -> Then Enter the Campaign Name and Campaign Tag -> Then Click the Create campaign button -> Then Verify the Campaign should should Create and navigate to the Edit Campaign page -> Then click the Open Goal button -> Then click the Set Goal button -> Then Verify the Open Goal should be set successfully -> Then click the Existing Audience button -> Then select the audience from the list -> Then click the ok button on the pop up -> Then click the Set Audience button -> Then click the Trigger button -> Then select the next available time slot and apply -> Then click the Set Trigger button -> Then click the Choose Content button -> Then Search the communication name in the search bar -> Then Verify the search results are displayed -> Then Click the communication that comes first in the list -> Then click the Set Communication button -> Then Verify the selected communication is applied and shown in the content summary","Verify the Open Goal should be set successfully | Verify the first variant is added successfully | Verify both Variant A and Variant B are visible in the communication section","High","Automated","campaign.feature"
"Campaign module","TC-CAMP-REG-14","REG-CAMP-14","Campaign Content","Add a second Variant to the campaign communication and verify both are visible","User logged in; Existing audience available","Given I log in for module ""Campaign"" -> Then I close the announcement popup if it appears -> When I navigate to ""Campaign"" -> Then I should see the ""Campaign"" page -> Then Click the Create New Campaign button -> Then Enter the Campaign Name and Campaign Tag -> Then Click the Create campaign button -> Then Verify the Campaign should should Create and navigate to the Edit Campaign page -> Then click the Open Goal button -> Then click the Set Goal button -> Then Verify the Open Goal should be set successfully -> Then click the Existing Audience button -> Then select the audience from the list -> Then click the ok button on the pop up -> Then click the Set Audience button -> Then click the Trigger button -> Then select the next available time slot and apply -> Then click the Set Trigger button -> Then click the Choose Content button -> Then Search the communication name in the search bar -> Then Click the communication that comes first in the list -> Then click the Set Communication button -> Then Verify the first variant is added successfully -> Then Click the Edit communication button -> Then Click the Add Variant button -> Then Click the Choose Content button for the new variant -> Then Search the 2 communication name in the search bar -> Then Click the communication that comes first in the list -> Then click the Set Communication button -> Then Verify both Variant A and Variant B are visible in the communication section","Verify the Open Goal should be set successfully | Verify the total allocation equals 100 percent | Verify the allocation is saved and shown correctly in the summary","High","Automated","campaign.feature"
"Campaign module","TC-CAMP-REG-15","REG-CAMP-15","Campaign Content","Set Static percentage allocation for A/B variants and verify it is saved","User logged in; Existing audience available","Given I log in for module ""Campaign"" -> Then I close the announcement popup if it appears -> When I navigate to ""Campaign"" -> Then I should see the ""Campaign"" page -> Then Click the Create New Campaign button -> Then Enter the Campaign Name and Campaign Tag -> Then Click the Create campaign button -> Then Verify the Campaign should should Create and navigate to the Edit Campaign page -> Then click the Open Goal button -> Then click the Set Goal button -> Then Verify the Open Goal should be set successfully -> Then click the Existing Audience button -> Then select the audience from the list -> Then click the ok button on the pop up -> Then click the Set Audience button -> Then click the Trigger button -> Then select the next available time slot and apply -> Then click the Set Trigger button -> Then click the Choose Content button -> Then Search the communication name in the search bar -> Then Click the communication that comes first in the list -> Then Click the Add Variant button -> Then Click the Choose Content button for the new variant -> Then Search the 2 communication name in the search bar -> Then Click the communication that comes first in the list -> Then click the Set Communication button -> Then Click the Edit communication button -> Then Select the Static allocation type -> Then Set Variant A allocation to 30 percent -> Then Set Variant B allocation to 70 percent -> Then Click the Set Communication button to confirm allocation -> Then Verify the total allocation equals 100 percent -> Then Verify the allocation is saved and shown correctly in the summary","Verify the criteria is saved and shown correctly in the allocation summary | Verify the Publish button is Visible | Verify the campaign is saved as Draft successfully","High","Automated","campaign.feature"
"Campaign module","TC-CAMP-REG-16","REG-CAMP-16","Draft / Persistence","Set Criteria-Based allocation for variants and verify criteria is applied","User logged in","Given I log in for module ""Campaign"" -> Then I close the announcement popup if it appears -> When I navigate to ""Campaign"" -> Then I should see the ""Campaign"" page -> Then Click the Create New Campaign button -> Then Enter the Campaign Name and Campaign Tag -> Then Click the Create campaign button -> Then Verify the Campaign should should Create and navigate to the Edit Campaign page -> Then click the Open Goal button -> Then click the Set Goal button -> Then Verify the Open Goal should be set successfully -> Then click the Existing Audience button -> Then select the audience from the list -> Then click the ok button on the pop up -> Then click the Set Audience button -> Then click the Trigger button -> Then select the next available time slot and apply -> Then click the Set Trigger button -> Then click the Choose Content button -> Then Search the communication name in the search bar -> Then Click the communication that comes first in the list -> Then Click the Add Variant button -> Then Click the Choose Content button for the new variant -> Then Search the communication name in the search bar -> Then Search the 2 communication name in the search bar -> Then Click the communication that comes first in the list -> Then Select the Criteria-Based allocation type -> Then Click the Add Criteria button for Variant A -> Then Select the customer property criteria -> Then Set the criteria condition and value -> Then Select the Variant B as Default Variant -> Then Click the Set Communication button to confirm allocation -> Then Verify the criteria is saved and shown correctly in the allocation summary -> Then Verify the Publish button is Visible -> Then Click the Save as Draft button -> Then Verify the campaign is saved as Draft successfully","Verify the campaign is visible in the Draft tab | Verify the campaign navigates to the Edit Campaign page | Verify the Open Goal is still set and retained","High","Automated","campaign.feature"
"Campaign module","TC-CAMP-REG-17","REG-CAMP-17","UI / Navigation","Save Campaign as Draft preserves the goal setting on re-opening","User logged in","Given I log in for module ""Campaign"" -> Then I close the announcement popup if it appears -> When I navigate to ""Campaign"" -> Then I should see the ""Campaign"" page -> Then Click the Create New Campaign button -> Then Enter the Campaign Name and Campaign Tag -> Then Click the Create campaign button -> Then Verify the Campaign should should Create and navigate to the Edit Campaign page -> Then click the Open Goal button -> Then click the Set Goal button -> Then Verify the Open Goal should be set successfully -> Then Click the Save as Draft button -> Then Verify the campaign is saved as Draft successfully -> Then Click the Draft tab -> Then Verify Draft tab should load successfully -> Then Enter the Campaign Name in the search bar -> Then Verify the campaign is visible in the Draft tab -> Then Enter into the campaign Edit page -> Then Verify the campaign navigates to the Edit Campaign page -> Then Verify the Open Goal is still set and retained","Verify Completed tab should load successfully | Verify Draft tab should load successfully | Verify All tab should load successfully","Medium","Automated","campaign.feature"
"Campaign module","TC-CAMP-REG-18","REG-CAMP-18","Publish / Activation","Campaign page loads and all status tabs navigate successfully","User logged in; Published campaign exists","Given I log in for module ""Campaign"" -> Then I close the announcement popup if it appears -> When I navigate to ""Campaign"" -> Then I should see the ""Campaign"" page -> Then Click the Active tab -> Then Verify Active tab should load successfully -> Then Click the Completed tab -> Then Verify Completed tab should load successfully -> Then Click the Draft tab -> Then Verify Draft tab should load successfully -> Then Click the All tab -> Then Verify All tab should load successfully","Verify the campaign details page is displayed | Verify the Audience edit button is disabled or not clickable | Verify the Trigger edit button is disabled or not clickable","High","Automated","campaign.feature"
"Campaign module","TC-CAMP-REG-19","REG-CAMP-19","Draft / Persistence","Edit Published Campaign shows Audience and Trigger fields as restricted","User logged in; Published campaign exists; Draft campaign available","Given I log in for module ""Campaign"" -> Then I close the announcement popup if it appears -> When I navigate to ""Campaign"" -> Then I should see the ""Campaign"" page -> Then Verify Active tab should load successfully -> Then Enter the Published Campaign Name in the search bar -> Then Click the three-dot menu on the campaign -> Then Click on the view report button -> Then Click the summary tab -> Then Verify the campaign details page is displayed -> Then Locate the Audience section -> Then Verify the Audience edit button is disabled or not clickable -> Then Locate the Trigger section -> Then Verify the Trigger edit button is disabled or not clickable","Verify the duplication success message is displayed | Verify Draft tab should load successfully | Verify the duplicated campaign is visible in the Draft tab","High","Automated","campaign.feature"
"Campaign module","TC-CAMP-REG-20","REG-CAMP-20","Draft / Persistence","Duplicate Campaign copies all settings and appears in Draft tab","User logged in; Draft campaign available","Given I log in for module ""Campaign"" -> Then I close the announcement popup if it appears -> When I navigate to ""Campaign"" -> Then I should see the ""Campaign"" page -> Then Click the All tab -> Then Verify All tab should load successfully -> Then Enter the Published Campaign Name in the search bar -> Then Click the three-dot menu on the campaign -> Then Click the campaign Duplicate option -> Then Enter the duplicated Campaign Name -> Then Click the Duplicate Confirm button -> Then Verify the duplication success message is displayed -> Then Click the Save as Draft button -> Then Click the Draft tab -> Then Verify Draft tab should load successfully -> Then Enter the duplicated Campaign Name in the search bar -> Then Verify the duplicated campaign is visible in the Draft tab","Verify the campaign is no longer visible in the Draft tab | Verify All tab should load successfully | Verify the deleted campaign does not appear in the All tab","High","Automated","campaign.feature"
"Campaign module","TC-CAMP-REG-21","REG-CAMP-21","Pagination","Delete a Draft Campaign and verify it is removed from all tabs","User logged in","Given I log in for module ""Campaign"" -> Then I close the announcement popup if it appears -> When I navigate to ""Campaign"" -> Then I should see the ""Campaign"" page -> Then Click the Draft tab -> Then Verify Draft tab should load successfully -> Then Enter the Campaign Name in the search bar -> Then Verify the campaign is visible in the Draft tab -> Then Click the three-dot menu on the campaign -> Then Click the Delete option -> Then Click the Delete Confirm button -> Then Verify the delete success message is displayed -> Then Verify the campaign is no longer visible in the Draft tab -> Then Click the All tab -> Then Verify All tab should load successfully -> Then Enter the Campaign Name in the search bar -> Then Verify the deleted campaign does not appear in the All tab","Verify the campaign list has more than one page of results | Verify the second page of campaigns is loaded correctly | Verify the first page of campaigns is restored correctly","Medium","Automated","campaign.feature"
"Campaign module","TC-CAMP-REG-22","REG-CAMP-22","Search","Pagination loads correct campaign data on each page","User logged in","Given I log in for module ""Campaign"" -> Then I close the announcement popup if it appears -> When I navigate to ""Campaign"" -> Then I should see the ""Campaign"" page -> Then Click the All tab -> Then Verify All tab should load successfully -> Then Verify the campaign list has more than one page of results -> Then Click the Next page button -> Then Verify the second page of campaigns is loaded correctly -> Then Click the Previous page button -> Then Verify the first page of campaigns is restored correctly","Verify All tab should load successfully | Verify only campaigns matching the search term are displayed in the list | Verify the full campaign list is restored with all campaigns visible","Medium","Automated","campaign.feature"
"Campaign module","TC-CAMP-REG-23","REG-CAMP-23","Filter","Search Campaign by name returns correct results and clears correctly","User logged in","Given I log in for module ""Campaign"" -> Then I close the announcement popup if it appears -> When I navigate to ""Campaign"" -> Then I should see the ""Campaign"" page -> Then Click the All tab -> Then Verify All tab should load successfully -> Then Enter a known Campaign Name in the search bar -> Then Verify only campaigns matching the search term are displayed in the list -> Then Clear the search bar -> Then Verify the full campaign list is restored with all campaigns visible","Verify All tab should load successfully | Verify only campaigns matching the selected filter are displayed | Verify the full campaign list is restored with all campaigns visible","High","Automated","campaign.feature"
"Campaign module","TC-CAMP-REG-24","REG-CAMP-24","History Log","Filter campaigns by status and verify only matching campaigns are shown","User logged in","Given I log in for module ""Campaign"" -> Then I close the announcement popup if it appears -> When I navigate to ""Campaign"" -> Then I should see the ""Campaign"" page -> Then Click the All tab -> Then Verify All tab should load successfully -> Then Click the Filter button -> Then Select a filter criteria such as trigger type or goal type -> Then Apply the selected filter -> Then Verify only campaigns matching the selected filter are displayed -> Then Click the Clear Filter button -> Then Verify the full campaign list is restored with all campaigns visible","Verify the campaign is visible in the list | Verify the History Log section is displayed | Verify at least one activity entry is visible in the history log","High","Automated","campaign.feature"
"Campaign module","TC-CAMP-REG-25","REG-CAMP-25","Reporting","Campaign History Log displays correct activity entries with timestamps","User logged in","Given I log in for module ""Campaign"" -> Then I close the announcement popup if it appears -> When I navigate to ""Campaign"" -> Then I should see the ""Campaign"" page -> Then Click the All tab -> Then Verify All tab should load successfully -> Then Enter the Campaign Name in the search bar -> Then Verify the campaign is visible in the list -> Then Click the three-dot menu on the campaign -> Then Click the History Log tab or button -> Then Verify the History Log section is displayed -> Then Verify at least one activity entry is visible in the history log","Verify the campaign is visible in the list | Verify the Campaign Report page is displayed | Verify the report data is loaded without any errors","High","Automated","campaign.feature"
"Campaign module","TC-CAMP-REG-25","REG-CAMP-25","Reporting","View Campaign Report loads and displays key metrics correctly","User logged in","Given I log in for module ""Campaign"" -> Then I close the announcement popup if it appears -> When I navigate to ""Campaign"" -> Then I should see the ""Campaign"" page -> Then Click the Active tab -> Then Verify Active tab should load successfully -> Then Enter the Campaign Name in the search bar -> Then Verify the campaign is visible in the list -> Then Click the three-dot menu on the campaign -> Then Click the View Report button -> Then Verify the Campaign Report page is displayed -> Then Verify the report data is loaded without any errors","Verify the campaign is visible in the list | Verify the Campaign Report page is displayed | Verify the report data is loaded without any errors","High","Automated","campaign.feature"
"Dashboard module","TC-DASH-REG-02","REG-DASH-02","Filter","Dashboard v2 tab navigation","User logged in","Given I log in for module ""Dashboard"" -> Then I close the announcement popup if it appears -> When I navigate to ""Dashboard"" -> Then I should see the ""Dashboard"" page -> Then I navigate to the ""Overview"" dashboard tab and verify it loads -> Then I navigate to the ""Actions"" dashboard tab and verify it loads -> Then I navigate to the ""Engagement"" dashboard tab and verify it loads -> Then I navigate to the ""Business Performance"" dashboard tab and verify it loads","KPI widgets should load | KPI data should change","High","Automated","dashboard.feature"
"Dashboard module","TC-DASH-REG-03","REG-DASH-03","General","Dashboard v2 global date range validation","User logged in","Given I log in for module ""Dashboard"" -> Then I close the announcement popup if it appears -> When I navigate to ""Dashboard"" -> Then I should see the ""Dashboard"" page -> Then I select the ""This week"" date range and verify it is displayed correctly -> Then I select the ""This month"" date range and verify it is displayed correctly -> Then I select the ""Last 7 days"" date range and verify it is displayed correctly -> Then I select the ""Last 30 days"" date range and verify it is displayed correctly -> Then I select the ""Last month"" date range and verify it is displayed correctly -> Then I select the ""Last quarter"" date range and verify it is displayed correctly","","High","Automated","dashboard.feature"
"Dashboard module","TC-DASH-REG-04","REG-DASH-04","General","Dashboard v2 custom date range persists across tabs","User logged in","Given I log in for module ""Dashboard"" -> Then I close the announcement popup if it appears -> When I navigate to ""Dashboard"" -> Then I should see the ""Dashboard"" page -> Then I select a custom date range from the first of the current month to today -> Then Verify the custom date range is displayed in the dashboard header -> Then I navigate to the ""Actions"" dashboard tab and verify it loads -> Then Verify the custom date range is displayed in the dashboard header -> Then I navigate to the ""Engagement"" dashboard tab and verify it loads -> Then Verify the custom date range is displayed in the dashboard header -> Then I navigate to the ""Business Performance"" dashboard tab and verify it loads -> Then Verify the custom date range is displayed in the dashboard header","","High","Automated","dashboard.feature"
"Dashboard module","TC-DASH-REG-05","REG-DASH-05","General","Dashboard v2 audience filter on Engagement tab","User logged in","Given I log in for module ""Dashboard"" -> Then I close the announcement popup if it appears -> When I navigate to ""Dashboard"" -> Then I should see the ""Dashboard"" page -> Then I navigate to the ""Engagement"" dashboard tab and verify it loads -> Then I open the dashboard filter panel -> Then I select the existing audience in the dashboard filter -> Then I apply the dashboard audience filter -> Then Verify the audience filter is displayed in the dashboard","","High","Automated","dashboard.feature"
"Dashboard module","TC-DASH-REG-06","REG-DASH-06","General","Dashboard v2 audience filter persists on Business Performance tab","User logged in","Given I log in for module ""Dashboard"" -> Then I close the announcement popup if it appears -> When I navigate to ""Dashboard"" -> Then I should see the ""Dashboard"" page -> Then I navigate to the ""Engagement"" dashboard tab and verify it loads -> Then I open the dashboard filter panel -> Then I select the existing audience in the dashboard filter -> Then I apply the dashboard audience filter -> Then I navigate to the ""Business Performance"" dashboard tab and verify it loads -> Then Verify the audience filter is displayed in the dashboard","","High","Automated","dashboard.feature"
"Dashboard module","TC-DASH-REG-06","REG-DASH-06","General","Dashboard v2 reset audience filter","User logged in","Given I log in for module ""Dashboard"" -> Then I close the announcement popup if it appears -> When I navigate to ""Dashboard"" -> Then I should see the ""Dashboard"" page -> Then I navigate to the ""Engagement"" dashboard tab and verify it loads -> Then I open the dashboard filter panel -> Then I select the existing audience in the dashboard filter -> Then I apply the dashboard audience filter -> Then Verify the audience filter is displayed in the dashboard -> Then I open the dashboard filter panel -> Then I reset the dashboard filter -> Then Verify the audience filter is not displayed in the dashboard","","High","Automated","dashboard.feature"
"Settings module","TC-SET-REG-01","REG-SET-01","UI / Navigation","Settings page loads successfully","User logged in","Given I log in for module ""Settings"" -> Then I close the announcement popup if it appears -> When I navigate to ""Settings"" -> Then I should see the ""Settings"" page","I should see the Settings page","Medium","Automated","settings.feature"
"Workflow module Test Cases","TC-WORKFLOW-REG-02","REG-WORKFLOW-02","Negative / Validation","Workflow page load","User logged in","Given I log in for module ""Workflow"" -> Then I close the announcement popup if it appears -> When I navigate to ""Workflow"" -> Then I should see the ""Workflow"" page -> Then Click The Active tab -> Then Verify Workflow Active tab should load successfully -> Then Click The Inactive tab -> Then Verify Workflow Inactive tab should load successfully -> Then Click The Draft tab -> Then Verify Workflow Draft tab should load successfully -> Then Click The All tab -> Then Verify Workflow All tab should load successfully","I should see the Workflow page | Verify Workflow Active tab should load successfully | Verify the workflow name is shown in the list","High","Automated","workflow.feature"
"Workflow module Test Cases","TC-WORKFLOW-REG-03","REG-WORKFLOW-03","Criteria / Existing Audience","Workflow Activation with error validation","User logged in; Existing audience available","Given I log in for module ""Workflow"" -> Then I close the announcement popup if it appears -> When I navigate to ""Workflow"" -> Then I should see the ""Workflow"" page -> Then Click The Create New Workflow button -> Then Click the workflow create from scratch button -> Then enter the Workflow name and Tag -> Then Click The Create Workflow button -> Then Verify Workflow Edit page should load successfully -> Then click the Setup Enrollment node -> Then click the Workflow New Audience button -> Then Click the New Audience criteria -> Then Click the customer property option on Criteria -> Then on the customer property pop up select User Id property and apply -> Then Click the Condition and select is one of option -> Then In the value field enter a valid User Id and apply -> Then Check the Preview button 1 record is shown -> Then Click the ""+ Add values"" enter a valid User Id and apply -> Then Check the Workflow Audience Preview button 2 records are shown -> Then Click the Workflow Add To Enrollment Trigger button -> Then Click the workflow apply button -> Then Click the Add new node button ""1"" -> Then Click the action node button -> Then Click the workflow Cancel button -> Then Click the workflow save draft button -> Then Click the workflow save draft confirm button -> Then I should see the ""Workflow"" page -> Then Enter the workflow name in the search bar -> Then Verify the workflow name is shown in the list -> Then Click the three-dot menu on the Workflow -> Then Click the Edit Workflow settings button -> Then Click the Workflow Publish button -> Then Check for Error message -> Then Click the node edit button ""2"" -> Then Click the Add Content button -> Then Search the communication name in the search bar -> Then Click the communication that comes first in the list -> Then Click the workflow apply button -> Then Click the Add new node button ""2"" -> Then Click the new exit node button -> Then Click the workflow apply button -> Then Click the Workflow Publish button -> Then Check for Error message -> Then Click the node edit button ""3"" -> Then Click the exit node mark as goal button and verify toggle is ON -> Then Click the workflow apply button -> Then Click the Workflow Publish button -> Then Choose The Start date -> Then Choose The End date -> Then Click the Workflow Publish confirm button -> Then I should see the ""Workflow"" page -> Then Verify Workflow Active tab should load successfully -> Then Enter the workflow name in the search bar -> Then Verify the workflow name is shown in the list","I should see the Workflow page | Verify Workflow Edit page should load successfully | Verify the workflow name is shown in the list","High","Automated","workflow.feature"
"Workflow module Test Cases","TC-WORKFLOW-REG-03","REG-WORKFLOW-03","Criteria / Existing Audience","Workflow creation with Existing Audience enrollment and Delay node saved as Draft","User logged in; Existing audience available","Given I log in for module ""Workflow"" -> Then I close the announcement popup if it appears -> When I navigate to ""Workflow"" -> Then I should see the ""Workflow"" page -> Then Click The Create New Workflow button -> Then Click the workflow create from scratch button -> Then enter the Workflow name and Tag -> Then Click The Create Workflow button -> Then Verify Workflow Edit page should load successfully -> Then click the Setup Enrollment node -> Then Click the Existing Audience enrollment option -> Then Click the Add Enrollment dropdown -> Then Select the Part of an Audience option -> Then Select the existing audience from the list -> Then Click the Enrollment flyout Ok button -> Then Click the workflow apply button -> Then Click the Add new node button ""1"" -> Then Click the delay node button -> Then Click the Live Event delay type option -> Then Select the Login live event option -> Then Click the workflow apply button -> Then Click the Add new node button ""2"" -> Then Click the action node button -> Then Click the Add Content button -> Then Search the communication name in the search bar -> Then Click the communication that comes first in the list -> Then Click the workflow apply button -> Then Click the Add new node button ""3"" -> Then Click the new exit node button -> Then Click the exit node mark as goal button and verify toggle is ON -> Then Click the workflow apply button -> Then Click the workflow save draft button -> Then Click the workflow save draft confirm button -> Then Enter the workflow name in the search bar -> Then Verify the workflow name is shown in the list","I should see the Workflow page | Verify Workflow Edit page should load successfully | Verify the workflow name is shown in the list","High","Automated","workflow.feature"